<?xml version="1.0" ?>
<LOG_ROOT>
	<PROJECT NAME="mux">
		<CBX_INST_ENTRY INSTANCE_NAME="|decod1|decod:inst1|lpm_mux:Mux0" CBX_FILE_NAME="mux_3nc.tdf"/>
		<CBX_INST_ENTRY INSTANCE_NAME="|decod1|decod:inst1|lpm_mux:Mux2" CBX_FILE_NAME="mux_3nc.tdf"/>
		<CBX_INST_ENTRY INSTANCE_NAME="|decod1|decod:inst|lpm_mux:Mux1" CBX_FILE_NAME="mux_3nc.tdf"/>
		<CBX_INST_ENTRY INSTANCE_NAME="|decod1|decod:inst|lpm_mux:Mux3" CBX_FILE_NAME="mux_3nc.tdf"/>
		<CBX_INST_ENTRY INSTANCE_NAME="|decod1|decod:inst1|lpm_mux:Mux1" CBX_FILE_NAME="mux_3nc.tdf"/>
		<CBX_INST_ENTRY INSTANCE_NAME="|decod1|decod:inst1|lpm_mux:Mux3" CBX_FILE_NAME="mux_3nc.tdf"/>
		<CBX_INST_ENTRY INSTANCE_NAME="|decod1|decod:inst|lpm_mux:Mux0" CBX_FILE_NAME="mux_3nc.tdf"/>
		<CBX_INST_ENTRY INSTANCE_NAME="|decod1|decod:inst|lpm_mux:Mux2" CBX_FILE_NAME="mux_3nc.tdf"/>
	</PROJECT>
</LOG_ROOT>
